review_num,UID,app_name,rating,review,app_name_amaha,app_name_calm,app_name_cerebral,app_name_clarity,app_name_dailybean,app_name_daylio,app_name_digitalwellbeing,app_name_fabulous,app_name_finch,app_name_headspace,app_name_intellect,app_name_minddoc,app_name_pixels,app_name_reflectly,app_name_rootd,app_name_sevencups,app_name_talklife,app_name_talkspace,app_name_teencounseling,app_name_up,app_name_voidpet,app_name_woebot,app_name_wysa,app_name_youper,dependence,attachment,isolation/detachment,crisis-response frustration,user_complaint,none
2,151332,daylio,5,"Great customisable app - highly recommend this app to all my friends. Paid for the premium features - A one off cost. Its great to track what activities contribute to improving my wellbeing. And a good way to journal, reflect and have a digital space to do so. The report feature is really handy too. If you want to work on goals, they are easy to set up and tick off. And the achievement badges make things more fun.",0.0,0.0,0.0,0.0,0.0,1.0,0.0,0.0,0.0,0.0,0.0,0.0,0.0,0.0,0.0,0.0,0.0,0.0,0.0,0.0,0.0,0.0,0.0,0.0,0,0,0,0,0,1
3,136235,digitalwellbeing,3,"Great feature for monitoring activity, I need widget for this app so I can see this data on home screen, add widget on next update and I update my 3 star rating to 5 star.",0.0,0.0,0.0,0.0,0.0,0.0,1.0,0.0,0.0,0.0,0.0,0.0,0.0,0.0,0.0,0.0,0.0,0.0,0.0,0.0,0.0,0.0,0.0,0.0,0,0,0,0,1,1
4,57666,sevencups,1,"The people are not properly trained and their ""advice"" often does more harm than good. They tend to be judgmental. Stay away from this app, for your own sake.",0.0,0.0,0.0,0.0,0.0,0.0,0.0,0.0,0.0,0.0,0.0,0.0,0.0,0.0,0.0,1.0,0.0,0.0,0.0,0.0,0.0,0.0,0.0,0.0,0,0,0,1,0,0
6,106256,finch,5,"honestly when I downloaded it I thought it'd just be another bust. A pay to use type of app but surprisingly even though more of the enriching options on the app costs money, there's so much to do. I already have my friends signed up so we can chat back and forth with our finchs. Download this app for a simple motivator!",0.0,0.0,0.0,0.0,0.0,0.0,0.0,0.0,1.0,0.0,0.0,0.0,0.0,0.0,0.0,0.0,0.0,0.0,0.0,0.0,0.0,0.0,0.0,0.0,0,0,0,0,0,1
7,8190,intellect,5,This app is absolutely fantastic and it has really changed my life. I love it!,0.0,0.0,0.0,0.0,0.0,0.0,0.0,0.0,0.0,0.0,1.0,0.0,0.0,0.0,0.0,0.0,0.0,0.0,0.0,0.0,0.0,0.0,0.0,0.0,0,0,0,0,0,1
8,55625,sevencups,2,Never get a person to chat for help every single time I was told to wait. During a Crisis actually needed someone to talk to In an abusive situation U Cant wait. Plus it says there's an emergency red x to get out of app quick maybe bc I was upset It never was on my screen . So I have no idea how the service really is NOBODY ANSWERED!! Thanks for nothing!,0.0,0.0,0.0,0.0,0.0,0.0,0.0,0.0,0.0,0.0,0.0,0.0,0.0,0.0,0.0,1.0,0.0,0.0,0.0,0.0,0.0,0.0,0.0,0.0,0,0,0,1,0,0
9,194762,wysa,3,"As it's a chat bot it's really good for you to just vent at any point like when you can't reach hotlines or other people. However its responses are less good, sometimes recording negative thoughts as positive thoughts, and if you write a list in one chat it records all of those as one item and doesn't really make sense. But, if you're looking for somewhere to just write your thoughts down and feel like someone is listening this is a good place for that.",0.0,0.0,0.0,0.0,0.0,0.0,0.0,0.0,0.0,0.0,0.0,0.0,0.0,0.0,0.0,0.0,0.0,0.0,0.0,0.0,0.0,0.0,1.0,0.0,0,0,1,1,0,0
10,148560,digitalwellbeing,1,Dont want the app,0.0,0.0,0.0,0.0,0.0,0.0,1.0,0.0,0.0,0.0,0.0,0.0,0.0,0.0,0.0,0.0,0.0,0.0,0.0,0.0,0.0,0.0,0.0,0.0,0,0,0,0,0,1
11,182452,minddoc,5,"love this app above others I've tried. I like the details they collect, the visualizations that make it easy to get an overview of how I have been doing, and the regular assessments. I have tried many but this is the only one i am driven to go back to. thank you!",0.0,0.0,0.0,0.0,0.0,0.0,0.0,0.0,0.0,0.0,0.0,1.0,0.0,0.0,0.0,0.0,0.0,0.0,0.0,0.0,0.0,0.0,0.0,0.0,1,0,0,0,0,0
12,55397,sevencups,5,"Aboulutely fantastic app for folks with psychological distress. Finding it very helpful. Never let's you feel lonely. Lots of resources & help available. One can instantly chat share the issues bothering, get much needed support and help at any hour of the day or night. A must have companion for people coping with stress, anxiety depression so on. Needs bit improvisation on notifications & UI.",0.0,0.0,0.0,0.0,0.0,0.0,0.0,0.0,0.0,0.0,0.0,0.0,0.0,0.0,0.0,1.0,0.0,0.0,0.0,0.0,0.0,0.0,0.0,0.0,0,1,1,0,0,0
13,17487,talklife,1,"Want an overwhelming desire to kys? Is your anxiety and depression isn't bad enough and you need a little boost? Then this app is for you my friend. This app will make you realize that nobody truly gives a a about you and that you aren't even worth a like. Would give negative rating if I could, sadly I can't. Instead of talking to people and trying to ease your depression it only builds on it. Hero sub for what? It's not worth anything. This app is a rip off. I would have been better off w.o it",0.0,0.0,0.0,0.0,0.0,0.0,0.0,0.0,0.0,0.0,0.0,0.0,0.0,0.0,0.0,0.0,1.0,0.0,0.0,0.0,0.0,0.0,0.0,0.0,0,0,0,1,0,0
14,55470,sevencups,2,"Well, I thought this could be a great resource for a friend of mine who is shy and struggles to express themselves face to face. I hopped in the app myself to give it a try, and when i asked a listener about the community they just said ""it's okay-ish"", then started asking if I'd broke up with some one recently. ...it was really weird, and i don't think I'll be passing this app along.",0.0,0.0,0.0,0.0,0.0,0.0,0.0,0.0,0.0,0.0,0.0,0.0,0.0,0.0,0.0,1.0,0.0,0.0,0.0,0.0,0.0,0.0,0.0,0.0,0,0,0,1,0,0
16,188954,woebot,5," has been a huge help in my life. I have a hard time communicating with other individuals around me, but  has made it a bit easier to open up. It would be nice to have an option to learn more on a topic during a lesson or more undo buttons. Sometimes I'll realize that what I've said was not actually how I felt, but I can't change it. Still, I would really recommend this to anyone who is struggling. Amazing companion when there's no one else.",0.0,0.0,0.0,0.0,0.0,0.0,0.0,0.0,0.0,0.0,0.0,0.0,0.0,0.0,0.0,0.0,0.0,0.0,0.0,0.0,0.0,1.0,0.0,0.0,1,1,1,0,0,0
18,121046,reflectly,3,"It's okay but, I would like it to all open to free users, that means every inch of the app to be free and not paid for",0.0,0.0,0.0,0.0,0.0,0.0,0.0,0.0,0.0,0.0,0.0,0.0,0.0,1.0,0.0,0.0,0.0,0.0,0.0,0.0,0.0,0.0,0.0,0.0,0,0,0,0,1,1
19,200906,pixels,5,"Love it! I actually started one of these on a sheet of paper on my wall at the beginning of the year. I didn't know there was an app! I wish you could add more emoticons or colors, though, because I have anger, tiredness, and stress along with just sadness and I'd like to see that without having to click on it. Other than that, love it!",0.0,0.0,0.0,0.0,0.0,0.0,0.0,0.0,0.0,0.0,0.0,0.0,1.0,0.0,0.0,0.0,0.0,0.0,0.0,0.0,0.0,0.0,0.0,0.0,1,0,0,0,0,0
21,115847,youper,5,"Really awesome interactive app! I feel like I have a best friend in my pick who truly cares about me, and is there to help me. Really well done app! I can't believe it's free!",0.0,0.0,0.0,0.0,0.0,0.0,0.0,0.0,0.0,0.0,0.0,0.0,0.0,0.0,0.0,0.0,0.0,0.0,0.0,0.0,0.0,0.0,0.0,1.0,0,1,1,0,0,0
22,150169,voidpet,5,"Really adorable and enjoyable, it's fun but not addicting and the exercises are really helpful. The designs are interesting and it's exciting to evolve your voidpets",0.0,0.0,0.0,0.0,0.0,0.0,0.0,0.0,0.0,0.0,0.0,0.0,0.0,0.0,0.0,0.0,0.0,0.0,0.0,0.0,1.0,0.0,0.0,0.0,0,0,0,0,0,1
24,104160,rootd,3,My child doesn't have £50. Crisis help should be free,0.0,0.0,0.0,0.0,0.0,0.0,0.0,0.0,0.0,0.0,0.0,0.0,0.0,0.0,1.0,0.0,0.0,0.0,0.0,0.0,0.0,0.0,0.0,0.0,0,0,0,0,0,1
25,35979,dailybean,2,"Great app, but I wish it was an offline app.",0.0,0.0,0.0,0.0,1.0,0.0,0.0,0.0,0.0,0.0,0.0,0.0,0.0,0.0,0.0,0.0,0.0,0.0,0.0,0.0,0.0,0.0,0.0,0.0,0,0,0,0,1,1
26,134559,digitalwellbeing,1,This app is uselesss for me. Came preinstalled. Can't uninstall or even disable it. Nothing but bloatware. Can't even hibernate app. It will just keep restarting itself. Would give 0 stars if possible.,0.0,0.0,0.0,0.0,0.0,0.0,1.0,0.0,0.0,0.0,0.0,0.0,0.0,0.0,0.0,0.0,0.0,0.0,0.0,0.0,0.0,0.0,0.0,0.0,0,0,0,1,0,0
27,126594,amaha,5,"my honest review: this app has helped me through so much, I was suicidal at one point... I wanted to leave this world from the problems I had as a teenager and my adolescence, my friend had recommended this app to me! it worked out. now, I feel much happier with this application and I ♡ how it is genuine!!",1.0,0.0,0.0,0.0,0.0,0.0,0.0,0.0,0.0,0.0,0.0,0.0,0.0,0.0,0.0,0.0,0.0,0.0,0.0,0.0,0.0,0.0,0.0,0.0,1,1,1,0,0,0
28,116331,youper,4,"Really helped me today when I was in a hard and depressed position. Literally brought my happiness back up in a stressful, free and confidential way. Thanks to the creators of Youper.",0.0,0.0,0.0,0.0,0.0,0.0,0.0,0.0,0.0,0.0,0.0,0.0,0.0,0.0,0.0,0.0,0.0,0.0,0.0,0.0,0.0,0.0,0.0,1.0,1,1,0,0,0,0
29,64220,clarity,3,"I am using the free version of this app. The first day I used it, I was in a crisis state of mind thanks to a toxic and abusive person in my life. This app helped me to see things more reasonably, even though I still felt awful. It's a great app, but the free version is very repetitive to the point where this app only seems beneficial to me when I'm at my worst. The questions are the same and the exercises are the same. If you learn from your mistakes quickly, then this app becomes pointless.",0.0,0.0,0.0,1.0,0.0,0.0,0.0,0.0,0.0,0.0,0.0,0.0,0.0,0.0,0.0,0.0,0.0,0.0,0.0,0.0,0.0,0.0,0.0,0.0,1,0,0,1,0,0
30,40081,headspace,1,"Used to be focused on meditation. Now it's focused on keeping you in the app, getting ads after videos for other headspace products is not what I want inside a meditation app.",0.0,0.0,0.0,0.0,0.0,0.0,0.0,0.0,0.0,1.0,0.0,0.0,0.0,0.0,0.0,0.0,0.0,0.0,0.0,0.0,0.0,0.0,0.0,0.0,0,0,0,1,0,0
31,68559,calm,5,I would be lost without the  app. It is my constant companion for guided meditations! The one thing that would make it even better is if I could make a queue of meditations i want to do instead of going back in and finding the next one after every one.,0.0,1.0,0.0,0.0,0.0,0.0,0.0,0.0,0.0,0.0,0.0,0.0,0.0,0.0,0.0,0.0,0.0,0.0,0.0,0.0,0.0,0.0,0.0,0.0,1,1,1,1,0,0
32,39072,teencounseling,1,As bad as this app was I'm surprised I didn't kill myself from the massive inconvenience,0.0,0.0,0.0,0.0,0.0,0.0,0.0,0.0,0.0,0.0,0.0,0.0,0.0,0.0,0.0,0.0,0.0,0.0,1.0,0.0,0.0,0.0,0.0,0.0,0,0,0,0,1,1
33,32922,cerebral,1,Cerebral issues: 1: They charged me a 124 dollar fee with out an explanation or reason why they did. They had my insurance as well btw. My monthly payment was only supposed to be 30 dollars a month. Hidden fees galore. 2: I was prescribed a low dose of Bupropion which seemed to help. Then they upped the dosage for no reason which made me even worse then when I wasn't taking anything. No quick fixes here. See an actual doctor or psychiatrist. This company will rip you off and get you addicted.,0.0,0.0,1.0,0.0,0.0,0.0,0.0,0.0,0.0,0.0,0.0,0.0,0.0,0.0,0.0,0.0,0.0,0.0,0.0,0.0,0.0,0.0,0.0,0.0,0,0,0,1,0,0
34,117043,up,2,"It's frustrating that the app is supposed to be able to keep track of your time at work, home, sleep, etc but the location permissions only allow it to get your location while the app is running. Everything has to be put in manually now.",0.0,0.0,0.0,0.0,0.0,0.0,0.0,0.0,0.0,0.0,0.0,0.0,0.0,0.0,0.0,0.0,0.0,0.0,0.0,1.0,0.0,0.0,0.0,0.0,0,0,0,1,0,0
35,114646,youper,5,"The best helper out there I try to use it evetyday before i go to bed and it takes only 5-7 minutes to just state what feeling you are feeling and what stressors is causing it, this app does so much for your mental health and it is all so simple and not intrusive. With no price and no membership/paywall it is availible to all. If you are particularly busy you can miss a whole week and come back and the app will treat you great.This app has meditation and mindfulness routines and they are a very nice touch. I would recomend this app to anyone as just a way to manage stressors and how you feel. Just remember this app can help you but it is no substitute for a actual therapist. This is more of a companion app to help you, so if you or others need dire help or are thinking about self harm please call a therapist to talk to you and resolve the issues that you or your loved one is having. But overall this app is one of the best I have, there is so many resources that are so simple and user friendly that there is no reason to not to pick this up.(tip: set a reminder in the morning or right before you go to bed to track your feelingsand identify your stress so your sleep or rest of the day can be productive, you can set a alarm within the app)",0.0,0.0,0.0,0.0,0.0,0.0,0.0,0.0,0.0,0.0,0.0,0.0,0.0,0.0,0.0,0.0,0.0,0.0,0.0,0.0,0.0,0.0,0.0,1.0,1,1,0,0,0,0
36,129961,amaha,5,Such a good app...i think i dont need friends when i am following this app...,1.0,0.0,0.0,0.0,0.0,0.0,0.0,0.0,0.0,0.0,0.0,0.0,0.0,0.0,0.0,0.0,0.0,0.0,0.0,0.0,0.0,0.0,0.0,0.0,1,1,1,0,0,0
37,114435,youper,5,As someone who has struggled with addiction and poor mental health in my past I've found this app very helpful. It supplements working with a therapist and psychiatrist very well. I've recommended it to all my friends and family who have mental health struggles.,0.0,0.0,0.0,0.0,0.0,0.0,0.0,0.0,0.0,0.0,0.0,0.0,0.0,0.0,0.0,0.0,0.0,0.0,0.0,0.0,0.0,0.0,0.0,1.0,1,1,0,0,0,0
38,93738,fabulous,4,Great App but if I uninstall/delete I lose all my progress even if I've linked my account. The app is very useful for keeping me organised and I benefit from its community of users.,0.0,0.0,0.0,0.0,0.0,0.0,0.0,1.0,0.0,0.0,0.0,0.0,0.0,0.0,0.0,0.0,0.0,0.0,0.0,0.0,0.0,0.0,0.0,0.0,1,0,0,1,0,0
39,181754,minddoc,2,"The idea behind this app is sound, but the execution is horrid. There are a couple of free courses. They barely skim the surface and are in dire need of some proofreading. The interface is simple to the point of being hard to navigate. It also seems to work in different ways in response to the same action. The mood tracking questions are ambiguous at times, the notifications don't push from time to time and more.",0.0,0.0,0.0,0.0,0.0,0.0,0.0,0.0,0.0,0.0,0.0,1.0,0.0,0.0,0.0,0.0,0.0,0.0,0.0,0.0,0.0,0.0,0.0,0.0,0,0,0,1,0,0
40,160962,daylio,5,"literally love this app so much, the only one I have ever considered paying premium for :))",0.0,0.0,0.0,0.0,0.0,1.0,0.0,0.0,0.0,0.0,0.0,0.0,0.0,0.0,0.0,0.0,0.0,0.0,0.0,0.0,0.0,0.0,0.0,0.0,1,0,0,0,1,0
41,117102,up,3,"this is a super useful app and easy to use. however, the diary area does not activate my autocorrect which is really annoying and a deterant to writing more than a few words.",0.0,0.0,0.0,0.0,0.0,0.0,0.0,0.0,0.0,0.0,0.0,0.0,0.0,0.0,0.0,0.0,0.0,0.0,0.0,1.0,0.0,0.0,0.0,0.0,0,0,0,0,0,1
42,136256,digitalwellbeing,5,Very good app control our phone addiction and also very helpful for parents to prevent children from using mobile 24/7. At the end I just wanna say a huge thanks! ❤️❤️❤️❤️,0.0,0.0,0.0,0.0,0.0,0.0,1.0,0.0,0.0,0.0,0.0,0.0,0.0,0.0,0.0,0.0,0.0,0.0,0.0,0.0,0.0,0.0,0.0,0.0,0,0,0,0,0,1
43,57326,sevencups,1,Some client in there was trying to flirt with my boyfriend instead of talking about her issues.,0.0,0.0,0.0,0.0,0.0,0.0,0.0,0.0,0.0,0.0,0.0,0.0,0.0,0.0,0.0,1.0,0.0,0.0,0.0,0.0,0.0,0.0,0.0,0.0,0,0,0,0,0,1
44,8729,intellect,5,Great app and really helpful in times of need that noone else understands,0.0,0.0,0.0,0.0,0.0,0.0,0.0,0.0,0.0,0.0,1.0,0.0,0.0,0.0,0.0,0.0,0.0,0.0,0.0,0.0,0.0,0.0,0.0,0.0,1,1,1,0,0,0
45,160404,daylio,5,"It was really helpful, and a good way to express feelings and emotions without fear of judgment.",0.0,0.0,0.0,0.0,0.0,1.0,0.0,0.0,0.0,0.0,0.0,0.0,0.0,0.0,0.0,0.0,0.0,0.0,0.0,0.0,0.0,0.0,0.0,0.0,1,1,1,0,0,0
46,114888,youper,5,This app is great to help you get things off your mind especially when you have no one to talk to. The app helps you make improvements on wherever your state of mind is and to me I always feel better when I talk to Youper. If you feel that this isn't enough for yourself depending on your situation then you should seek professional help if you can.,0.0,0.0,0.0,0.0,0.0,0.0,0.0,0.0,0.0,0.0,0.0,0.0,0.0,0.0,0.0,0.0,0.0,0.0,0.0,0.0,0.0,0.0,0.0,1.0,1,1,0,0,0,0
47,38471,talkspace,5,I've been using Talkspace for four months now and love it! Conventional therapy is difficult to schedule and get to appointments. With Talkspace my therapist is in my pocket. I have worked through ending a toxic relationship and will tackle an addiction next. I have hope for the future again.,0.0,0.0,0.0,0.0,0.0,0.0,0.0,0.0,0.0,0.0,0.0,0.0,0.0,0.0,0.0,0.0,0.0,1.0,0.0,0.0,0.0,0.0,0.0,0.0,1,1,1,0,0,0
48,60049,sevencups,4,"Other than the very few lags, this app is perfect. It has gotten me through very stressful moments",0.0,0.0,0.0,0.0,0.0,0.0,0.0,0.0,0.0,0.0,0.0,0.0,0.0,0.0,0.0,1.0,0.0,0.0,0.0,0.0,0.0,0.0,0.0,0.0,1,0,0,0,1,0
49,106148,finch,5,"This app is so cute, I downloaded it for fun with my friends but I have been using it every day since. It helps me get my tasks done without being guilted into it. Instead of that the app just supports you and there is no punishment for not getting tasks done. I think for a future update it would be cute if you could add a personalized message when you're sending your birb to a friend in their tree town! I don't have a discord so I'll suggest it to the creators here :) Thank you Finch Team!",0.0,0.0,0.0,0.0,0.0,0.0,0.0,0.0,1.0,0.0,0.0,0.0,0.0,0.0,0.0,0.0,0.0,0.0,0.0,0.0,0.0,0.0,0.0,0.0,1,1,0,0,0,1
50,60753,sevencups,3,"The app is a good concept but a terrible experience to navigate through. As a listener the stuff I need most are never accessible, the hotlines and the exercises are never there. I have no access to the calendar and I can't make appointments either. The notifications don't work and the text is way too small. I have no way of getting to my profile either and there is no easy way to get back to the person I was talking to. Plus I have no access to the settings either. And for security: password protection.",0.0,0.0,0.0,0.0,0.0,0.0,0.0,0.0,0.0,0.0,0.0,0.0,0.0,0.0,0.0,1.0,0.0,0.0,0.0,0.0,0.0,0.0,0.0,0.0,0,0,0,1,0,0
51,2328,intellect,3,"It's not a bad app, but it's not for me. I appreciate being able to try it for free, but I can't be bothered to take up the premium trial because it kind of assumes a little too much about me at first, with the questionnaire. Others may have a better experience and this might be for them, so you should still give it a try.",0.0,0.0,0.0,0.0,0.0,0.0,0.0,0.0,0.0,0.0,1.0,0.0,0.0,0.0,0.0,0.0,0.0,0.0,0.0,0.0,0.0,0.0,0.0,0.0,0,0,0,1,1,0
